title_id,title,genre,length,subscribers,rating,views,likes,status,daily_pass
4015,Promise of an Orchid,FANTASY,6,144891,9.62,1716605,179768,ONGOING,TRUE
4014,Mythical Errand,FANTASY,6,119354,9.24,2151954,188111,ONGOING,TRUE
4013,No Outtakes,ROMANCE,3,143536,9.34,2064042,232001,ONGOING,TRUE
4012,Be Still My Heart,SPORTS,5,26225,8.76,435942,43623,COMPLETED,TRUE
4010,The Crimson Blade,FANTASY,5,100404,9.36,868044,54010,ONGOING,FALSE
4006,The Prenup,ROMANCE,7,177347,8.42,1779647,139132,ONGOING,FALSE
4005,Ghost King,ACTION,6,104378,9.44,720297,56266,ONGOING,FALSE
4000,Bloodhounds,ACTION,11,46421,9.06,729424,58380,COMPLETED,TRUE
3994,Aza,FANTASY,5,227688,9.78,1505635,129602,ONGOING,FALSE
3964,Another Love ,ROMANCE,7,229032,9.72,2042942,181802,ONGOING,FALSE
3963,My S-Class Hunters,ACTION,3,199547,9.71,695069,68694,ONGOING,FALSE
3923,Island,ACTION,6,39500,9.01,311525,31823,ONGOING,TRUE
3922,Deadlife,ACTION,6,102020,9.41,1565261,155266,ONGOING,TRUE
3921,The Final Raid Boss,FANTASY,8,123441,9.09,851766,91842,ONGOING,FALSE
3920,Regina Rena: To the Unforgiven,FANTASY,9,362770,9.67,2771480,345150,ONGOING,FALSE
3919,Love and Leashes,ROMANCE,6,229975,8.57,5833290,559384,ONGOING,TRUE
3918,My In-Laws are Obsessed with Me ,FANTASY,11,303282,9.78,2902367,351291,ONGOING,FALSE
3917,Manager Kim,ACTION,10,130825,9.79,1025956,127298,ONGOING,FALSE
3916,Eternals: The 500 Year War,SUPER_HERO,7,173606,7.32,883077,65154,COMPLETED,FALSE
3915,I’m the Max-Level Newbie,ACTION,4,255653,9.15,4422962,355154,ONGOING,TRUE
3913,Tomorrow,DRAMA,23,81422,9.5,592194,85206,ONGOING,FALSE
3911,Hwarang: Flower Knights of the Underworld,ACTION,10,83485,9.2,395059,48723,ONGOING,FALSE
3910,A DeadbEAT's Meal,SLICE_OF_LIFE,10,105878,9.25,919298,120616,ONGOING,FALSE
3909,A Chance At Last,ROMANCE,10,155153,9.82,1287593,162010,ONGOING,FALSE
3908,Daytime Star,DRAMA,10,133509,9.69,992596,135804,ONGOING,FALSE
3907,Psychic Studies,ACTION,10,97751,8.57,714739,84234,ONGOING,FALSE
3900,Philia Rosé: The Prophecy of the Crown of Thorns,FANTASY,6,113281,9.74,1027698,96216,ONGOING,FALSE
3898,Ode to Our Youth,COMEDY,7,36243,9.16,556366,50095,COMPLETED,TRUE
3792,The Retreats,ACTION,12,36824,9.18,196358,22722,ONGOING,FALSE
3791,Discovering Love: A Harlequin Romance Collection,ROMANCE,22,61018,9.03,475330,53726,ONGOING,FALSE
3790,Secretary Out-of-Order,ROMANCE,14,384649,8.92,7151932,629181,ONGOING,FALSE
3789,Our House,SLICE_OF_LIFE,15,77821,9.26,659923,97438,ONGOING,FALSE
3788,WEBTOON x BTS,FANTASY,7,810444,9.72,9809135,1221982,ONGOING,FALSE
3787,To Not Die,DRAMA,14,136951,9.63,1483384,152222,ONGOING,FALSE
3786,THE STAR SEEKERS,FANTASY,11,796955,9.83,3854605,523431,ONGOING,FALSE
3785,DARK MOON: THE BLOOD ALTAR,FANTASY,12,1159158,9.85,11682799,1018554,ONGOING,FALSE
3784,7FATES: CHAKHO,FANTASY,13,1473440,9.86,23446642,1604389,ONGOING,FALSE
3779,Murim RPG Simulation,ACTION,14,134506,9.48,1602616,152129,ONGOING,FALSE
3767,QUESTISM,FANTASY,14,105663,9.49,1179060,137726,ONGOING,FALSE
3766,100,ACTION,12,108969,9.19,749412,77027,ONGOING,FALSE
3765,Night of Silence,THRILLER,12,67678,9.08,359102,37321,ONGOING,FALSE
3691,The RUNWAY,ROMANCE,18,438608,9.41,7783903,673392,ONGOING,FALSE
3690,The Lone Necromancer,FANTASY,17,387216,9.69,6651199,689166,ONGOING,FALSE
3689,Bitten Contract,ROMANCE,18,372738,9.64,5729084,605012,ONGOING,FALSE
3671,Return of the Mad Demon,HISTORICAL,18,221838,9.78,2726040,322347,ONGOING,FALSE
3670,Cierra,ROMANCE,18,301099,9.58,3972205,508194,ONGOING,FALSE
3669,Double Click,SPORTS,18,194538,9.71,2796270,298957,ONGOING,FALSE
3666,Our Beloved Summer,ROMANCE,18,329692,9.85,3787903,479743,ONGOING,FALSE
3665,Sarah; I'm Sorry: Welcome to Our Galaxy,TIPTOON,8,128123,8.5,748905,92135,COMPLETED,FALSE
3648,Rewriting Extinction,COMEDY,29,95833,9.72,1474747,263020,COMPLETED,FALSE
3600,Our Time,DRAMA,23,120436,9.7,1577444,251837,ONGOING,FALSE
3598,Hellbound,THRILLER,23,197091,9.31,1798069,146232,ONGOING,FALSE
3597,Reincarnated as an Unruly Heir,ACTION,22,168221,9.64,2359115,284078,ONGOING,FALSE
3596,The Greatest Estate Developer,FANTASY,22,212482,9.89,3753713,533994,ONGOING,FALSE
3595,Study Group,ACTION,23,349082,9.76,4816669,566743,ONGOING,FALSE
3593,The Earth's Chosen Savior,ACTION,23,169631,9.2,2305087,255002,ONGOING,FALSE
3591,Wished You Were Dead,DRAMA,23,503903,9.08,8772977,946766,ONGOING,FALSE
3581,Ultra-Alternate Character,ACTION,23,191649,9.43,3021594,345585,ONGOING,FALSE
3577,Flawed Almighty,SUPERNATURAL,23,205929,9.55,6055417,594566,ONGOING,FALSE
3525,Agatha,DRAMA,4,135562,8.94,2404251,343820,ONGOING,TRUE
3515,Death: Rescheduled,THRILLER,17,597842,9.56,10564389,1290365,HIATUS,FALSE
3485,Floating in My Mind,SUPERNATURAL,27,129216,9.48,1884624,288189,ONGOING,FALSE
3484,Perfect Marriage Revenge,ROMANCE,27,594019,9.65,14671220,1542154,ONGOING,FALSE
3483,Laras's Heart,DRAMA,8,87593,9.05,1306229,144438,COMPLETED,TRUE
3480,R-X: RAYER HUNTER,SF,27,87864,8.27,788334,76329,ONGOING,FALSE
3478,The Lone Spellcaster,FANTASY,23,292507,8.42,5331566,480956,ONGOING,FALSE
3476,Mage Again,FANTASY,27,115705,9.7,1793640,249145,ONGOING,FALSE
3454,The Predator,THRILLER,27,162503,9.45,2582163,289137,ONGOING,FALSE
3453,The Druid of Seoul Station,ACTION,28,349592,9.6,8708967,778530,ONGOING,FALSE
3452,Fake Humans,THRILLER,27,123539,9.4,1395720,189250,ONGOING,FALSE
3451,Infinity,SPORTS,6,75448,9.64,681174,62176,ONGOING,FALSE
3441,66;666 Years: Advent of the Dark Mage,FANTASY,28,358902,9.76,7038115,894112,ONGOING,FALSE
3440,Chasing Tails,MYSTERY,27,205993,9.8,3902704,461269,ONGOING,FALSE
3416,Reunion,ROMANCE,5,470644,9.77,2809846,281235,ONGOING,FALSE
3414,Clinic of Horrors,SUPERNATURAL,66,695879,9.58,43591570,4254549,ONGOING,FALSE
3413,Savior,FANTASY,31,180864,9.39,2105218,247723,ONGOING,FALSE
3412,The Male Lead's Girl Friend,ROMANCE,31,265993,9.52,6411813,725374,ONGOING,FALSE
3387,Señorita Cometa,MYSTERY,4,127192,9.63,513685,59577,ONGOING,FALSE
3386,Eyes,FANTASY,31,32720,9.7,528218,77929,ONGOING,FALSE
3384,Protect the Knight,FANTASY,31,121230,9.66,1665934,259949,ONGOING,FALSE
3363,Archie Comics: Big Ethel Energy,DRAMA,30,369177,8.67,15200590,1344316,ONGOING,FALSE
3353,The Last Golden Child,ACTION,30,135703,9.63,1979258,260457,ONGOING,FALSE
3350,Zombie Ship,HORROR,7,87913,7.68,1050503,86703,COMPLETED,TRUE
3349,The Lazy Lord Masters the Sword,FANTASY,31,239173,9.79,6038281,687135,ONGOING,FALSE
3348,My Irresistible Ex,ROMANCE,31,234889,8.11,3872734,391061,ONGOING,FALSE
3347,Metro Hunter,ACTION,31,98309,9.67,1933584,233673,ONGOING,FALSE
3346,Good Luck; Hero! ,FANTASY,31,92911,9.5,1464843,186559,ONGOING,FALSE
3345,Date First; Love Later,ROMANCE,31,309858,9.61,7207021,726102,ONGOING,FALSE
3344,The Aftermath,DRAMA,31,63280,9.32,694018,104006,ONGOING,FALSE
3341,BlackSmith,SUPERNATURAL,24,63317,9.6,895502,135510,ONGOING,FALSE
3340,Hyperfocus,SLICE_OF_LIFE,36,159574,8.67,5665364,758087,ONGOING,FALSE
3337,Threads of Love,ROMANCE,31,199808,9.53,3248664,403456,ONGOING,FALSE
3336,The Monster's Bride,FANTASY,31,169023,9.64,2680817,384304,ONGOING,FALSE
3335,Daily JoJo,ROMANCE,31,137441,9.76,3383411,615162,ONGOING,FALSE
3312,Eros Conquers All,SUPERNATURAL,10,154593,9.73,897929,118078,ONGOING,FALSE
3311,Leveling Up My Husband to the Max,ROMANCE,27,609551,9.62,15226855,1758851,ONGOING,FALSE
3310,Taekwondo Kid,SPORTS,31,69252,9.43,1417165,161800,ONGOING,FALSE
3273,Meow Rangers,COMEDY,31,79944,9.32,794138,124784,ONGOING,FALSE
3267,CODE HELIX,DRAMA,32,40904,9.57,715302,114309,ONGOING,FALSE
3266,Dr. Hound,THRILLER,5,55431,9.05,979420,133084,ONGOING,TRUE
3265,The Warrior Returns,ACTION,28,304044,9.07,5153876,468960,ONGOING,FALSE
3264,Flawless,ROMANCE,32,277205,9.31,5917698,678311,ONGOING,FALSE
3263,Prince Maker,FANTASY,31,128255,9.65,2083342,311142,ONGOING,FALSE
3254,Money Game,THRILLER,34,70680,8.87,1471692,142296,ONGOING,FALSE
3253,Harmonia,SF,23,67122,9.44,620958,104946,ONGOING,FALSE
3247,Tales of Sarimin the Jinn,ACTION,35,82618,9.54,933048,128166,ONGOING,FALSE
3246,To Be Ordinary!,DRAMA,31,50551,9.25,953772,111980,ONGOING,FALSE
3237,Whale Star: The Gyeongseong Mermaid,DRAMA,15,183441,9.85,2949966,431222,COMPLETED,TRUE
3236,She Bites!,SLICE_OF_LIFE,31,56889,9.66,859923,148719,ONGOING,FALSE
3235,11 of Me,SUPERNATURAL,7,102230,8.82,1398080,194502,COMPLETED,TRUE
3212,The Legendary Fossil,DRAMA,3,124092,8.7,840492,104867,ONGOING,TRUE
3211,Once a Hero,FANTASY,36,221946,9.48,3624190,478886,ONGOING,FALSE
3210,The Spark in Your Eyes,FANTASY,37,225062,9.7,3899997,534307,ONGOING,FALSE
3209,The Double Agent,HISTORICAL,36,247487,8.92,4672804,513221,ONGOING,FALSE
3208,Heavenly Roommates,FANTASY,32,215183,9.51,3839703,526103,HIATUS,FALSE
3207,From Morning to Night,FANTASY,36,118099,9.28,1077454,151591,ONGOING,FALSE
3205,Traveler,SUPER_HERO,10,22624,7.63,111192,11587,ONGOING,FALSE
3201,Unwritten Death,ROMANCE,36,210157,9.65,5139467,552882,ONGOING,FALSE
3200,Maya's World,DRAMA,39,105181,9.21,1589123,212198,ONGOING,FALSE
3199,I Get Stronger the More I Eat,ACTION,37,280902,9.29,7860361,760679,ONGOING,FALSE
3198,God; Please Make Me a Demon! ,COMEDY,37,354361,9.44,7285724,982031,ONGOING,FALSE
3197,Doom Breaker,ACTION,36,606549,9.79,20094290,1675257,ONGOING,FALSE
3185,Spirit Hunter,SUPERNATURAL,37,123291,9.62,1812765,239278,ONGOING,FALSE
3182,Evelyne and the Occult,SUPERNATURAL,37,343595,9.33,8004293,977123,ONGOING,FALSE
3181,Lovely Hell,FANTASY,36,112553,9.36,2313742,286790,ONGOING,FALSE
3180,Batman: Wayne Family Adventures,SLICE_OF_LIFE,32,932073,9.75,31703326,2731686,ONGOING,FALSE
3179,The Fabled Warrior,FANTASY,36,166449,9.28,2337554,355061,ONGOING,FALSE
3178,TACIT,ACTION,34,221033,9.68,3310425,486764,ONGOING,FALSE
3176,Hell is Other People,THRILLER,12,134728,9.52,3087654,329429,COMPLETED,TRUE
3175,So You're Raising a Warrior,FANTASY,36,234850,9.56,5213524,784686,ONGOING,FALSE
3174,The Last Dimension,ACTION,6,79898,9.8,618933,66922,ONGOING,FALSE
3173,REAWAKENED MAN,ACTION,37,174219,9.49,3285332,376128,ONGOING,FALSE
3164,From a Knight to a Lady,FANTASY,36,422903,9.73,10245731,1346948,ONGOING,FALSE
3163,My Younger Brother's Friend,ROMANCE,37,309993,9.37,7587156,936825,ONGOING,FALSE
3162,The Blood of the Butterfly,FANTASY,35,418311,9.7,7735512,934776,ONGOING,FALSE
3141,The Horizon,DRAMA,2,186838,9.83,2398485,306061,COMPLETED,TRUE
3116,Lilac 200%,DRAMA,13,62272,9.15,1917737,303225,COMPLETED,TRUE
3115,'Til Debt Do Us Part,ROMANCE,9,234205,9.65,4677397,510796,COMPLETED,TRUE
3114,My Life as a Loser,DRAMA,7,160873,9.83,5179251,566876,COMPLETED,TRUE
3113,My Universe,ROMANCE,7,286071,9.34,7310099,942800,COMPLETED,TRUE
3093,After School Lessons for Unripe Apples,DRAMA,40,156082,9.91,4581731,773906,ONGOING,FALSE
3092,Moonlight Beauty Parlor,DRAMA,40,166181,9.68,3100882,502600,ONGOING,FALSE
3089,The Nuna at Our Office,DRAMA,41,224476,9.53,4101712,497948,ONGOING,FALSE
3066,The Matchmaking Baby Princess,FANTASY,36,216944,9.54,5352082,743660,ONGOING,FALSE
3065,There Must Be Happy Endings,ROMANCE,40,467841,9.73,14651676,1676944,ONGOING,FALSE
3064,My ID is Gangnam Beauty!,DRAMA,9,258090,9.45,8263928,960522,COMPLETED,TRUE
3049,SAMADHI,SUPER_HERO,38,195235,9.49,4439197,540307,COMPLETED,FALSE
3042,Tenants from Another World,FANTASY,40,206319,9.18,2667218,375689,ONGOING,FALSE
3041,The Dog Diaries,SLICE_OF_LIFE,41,83399,9.68,1829790,326514,ONGOING,FALSE
3040,The First Hunter,ACTION,41,189733,9.45,4395714,442980,ONGOING,FALSE
3039,Tricked into Becoming the Heroine's Stepmother,FANTASY,39,788264,9.71,26947424,3055106,ONGOING,FALSE
2972,Super Awkward Man,COMEDY,18,84645,9.5,1003711,137128,ONGOING,FALSE
2970,Anti-Monster Force,FANTASY,40,139856,9.34,2754031,335520,ONGOING,FALSE
2969,A Useless Villain,ACTION,40,386041,9.1,7823518,916991,ONGOING,FALSE
2968,Kidults,SLICE_OF_LIFE,41,147021,9.5,2239584,381609,ONGOING,FALSE
2966,The Princess's Jewels,FANTASY,40,399957,8.69,13857520,1420987,ONGOING,FALSE
2964,Morgana and Oz,FANTASY,18,747444,9.8,15273554,1637293,ONGOING,FALSE
2963,Vampire Magicka,FANTASY,6,57257,8.4,355572,29466,ONGOING,FALSE
2961,Cat vs. Dog,COMEDY,33,111790,9.39,2915130,363756,ONGOING,FALSE
2960,1HP Club,FANTASY,28,303170,9.67,6621057,858711,ONGOING,FALSE
2956,A Summer Night's Dream,ROMANCE,40,322279,8.05,6490423,740086,ONGOING,FALSE
2955,The Sound of Another,SF,41,199670,8.62,2896479,351852,ONGOING,FALSE
2923,Blue Matter,FANTASY,18,133198,9.67,1486406,212436,ONGOING,FALSE
2922,Forest of Humans,THRILLER,5,117855,9.53,2669600,335645,COMPLETED,TRUE
2921,Sixth Sense Kiss,ROMANCE,44,713443,9.75,27725761,2632956,ONGOING,FALSE
2886,The Ember Knight,FANTASY,44,196230,9.78,5282918,655167,ONGOING,FALSE
2884,MONOCHROME,ACTION,18,141545,9.35,1352021,144649,ONGOING,FALSE
2883,Atelier on the Sunflower Hill,FANTASY,23,160002,9.27,1449249,190939,ONGOING,FALSE
2881,Cydonia Shattering,FANTASY,10,82575,8.76,509031,63213,ONGOING,FALSE
2876,A Man's Man,DRAMA,44,97582,9.82,2134918,349117,ONGOING,FALSE
2875,Her Mannequin,ROMANCE,24,245325,9.29,3755079,508094,HIATUS,FALSE
2874,The Dummy's Dummy,HORROR,14,135518,9.8,1457823,236652,ONGOING,FALSE
2872,Ghost on the Roof,DRAMA,6,81546,9.52,568075,59673,ONGOING,FALSE
2858,Behind the Curtain,ROMANCE,5,109363,8.45,1404370,172900,COMPLETED,TRUE
2857,Villain to Kill,ACTION,44,880664,9.78,29886705,2690052,ONGOING,FALSE
2856,Love Falls Like Rain,ROMANCE,38,148509,9.55,2579187,411721,HIATUS,FALSE
2855,How to Survive a Romance Fantasy,FANTASY,40,378023,9.39,6835035,1024529,ONGOING,FALSE
2854,Grasp,THRILLER,7,96223,9.53,2017116,257365,COMPLETED,TRUE
2851,Neolithic Girl,FANTASY,43,262308,9.35,4593452,618892,ONGOING,FALSE
2850,Hanlim Gym,SPORTS,44,175542,9.44,5189354,474413,ONGOING,FALSE
2849,Return of the Blossoming Blade,ACTION,44,340471,9.86,9837914,1171624,ONGOING,FALSE
2833,Take Me; I'm Yours,DRAMA,44,225683,9.54,3885182,440352,ONGOING,FALSE
2832,Eaternal Nocturnal,ROMANCE,22,893932,9.82,22635468,2192191,ONGOING,FALSE
2819,The Eagle and the Snake,ACTION,31,123477,9.62,1696113,200146,ONGOING,FALSE
2813,Illuminated,TIPTOON,4,111060,9.34,880713,134021,COMPLETED,FALSE
2810,All of Us Are Dead,THRILLER,9,404447,9.27,13497040,1018001,COMPLETED,TRUE
2807,Straylight Tiger,SF,15,150178,9.51,1447692,174399,ONGOING,FALSE
2772,Tales of Greed,THRILLER,7,186714,9.43,5446398,697156,COMPLETED,TRUE
2767,She's Hopeless,DRAMA,49,833251,9.6,29044788,3222933,ONGOING,FALSE
2765,Half-Ghost,ROMANCE,49,284215,9.76,8800663,1409358,ONGOING,FALSE
2764,Fast Forward,THRILLER,49,197018,9.68,4528410,734621,ONGOING,FALSE
2759,Homesick,THRILLER,39,852671,9.79,37958581,3038577,ONGOING,FALSE
2756,Finding Fiends,COMEDY,26,97794,9.75,2045524,315467,ONGOING,FALSE
2750,Of Dark Lords and Cabbages,ROMANCE,23,355676,9.3,9302998,936022,ONGOING,FALSE
2748,Royale,MYSTERY,6,35424,9.25,383548,29294,ONGOING,FALSE
2746,Religiously Gay,ROMANCE,11,79581,5.61,699558,74000,ONGOING,FALSE
2745,Hero Killer,ACTION,49,591927,9.75,18546568,2273047,ONGOING,FALSE
2744,Woven,FANTASY,6,103782,9.73,604767,82668,ONGOING,FALSE
2741,Match Made in Hell,ROMANCE,32,200905,9.48,4547815,564282,ONGOING,FALSE
2740,Nevermore,SUPERNATURAL,7,255732,9.71,1415089,203596,ONGOING,FALSE
2739,So I Married the Anti-Fan,ROMANCE,50,597724,9.45,17467179,1813823,ONGOING,FALSE
2738,See No Evil,THRILLER,45,155665,9.49,3052385,428666,COMPLETED,FALSE
2737,Happily Ever Afterwards,FANTASY,49,486176,9.76,18994579,2575234,ONGOING,FALSE
2736,Of Swamp & Sea,SUPERNATURAL,36,171478,9.76,3622703,580504,ONGOING,FALSE
2732,Nomads,FANTASY,31,114162,9.77,2068940,326254,ONGOING,FALSE
2731,Defects,FANTASY,9,187718,9.57,1205636,153906,ONGOING,FALSE
2730,Cloud Walker,ACTION,16,226898,9.47,2444795,279374,ONGOING,FALSE
2729,Ordeal,ACTION,36,211846,9.76,5388895,437031,ONGOING,FALSE
2728,Be My Villain,ROMANCE,12,313342,9.58,3698613,458840,ONGOING,FALSE
2727,Lady Knight,FANTASY,34,235591,9.74,5204833,895058,ONGOING,FALSE
2726,Here There Be Dragons,FANTASY,10,105882,9.5,722109,109822,ONGOING,FALSE
2725,Maid for Hire,ROMANCE,29,395254,9.36,9557483,996560,ONGOING,FALSE
2724,Vibe Check!,COMEDY,27,58390,9.5,1070746,164747,ONGOING,FALSE
2723,High Class Homos,COMEDY,54,757004,9.32,46806493,4115901,HIATUS,FALSE
2721,When Jasy Whistles,FANTASY,38,450332,9.76,12852956,1452163,ONGOING,FALSE
2720,Of What Remains,THRILLER,23,83325,9.6,859182,105994,ONGOING,FALSE
2719,Miez,SF,10,91446,9.33,499933,57608,ONGOING,FALSE
2718,21st Century Knights,FANTASY,6,143067,9.4,1208886,119057,ONGOING,FALSE
2717,Gecko Chan,COMEDY,89,78845,9.2,2661579,417692,ONGOING,FALSE
2716,Madame Outlaw,HISTORICAL,46,279369,9.52,6990233,1111868,ONGOING,FALSE
2712,The Build Up,SPORTS,50,187784,9.77,6571189,819974,ONGOING,FALSE
2706,Smity and Majesty,COMEDY,46,121832,9.46,3151519,500230,ONGOING,FALSE
2705,School Bus Graveyard,THRILLER,32,729598,9.79,23744039,2109997,ONGOING,FALSE
2704,Finding Wonderland,FANTASY,45,277301,9.56,4647860,829799,ONGOING,FALSE
2702,Hand Jumper,THRILLER,12,209033,9.71,1950075,246697,ONGOING,FALSE
2701,Warrior of the Wild,ACTION,39,109402,9.46,2042354,334554,ONGOING,FALSE
2700,LMLY,ROMANCE,20,452498,9.52,7514388,822424,HIATUS,FALSE
2699,Forever After,FANTASY,42,394224,9.39,13181314,1665348,ONGOING,FALSE
2684,Get Schooled,DRAMA,49,651451,9.79,21985095,2542523,ONGOING,FALSE
2683,Let Me Stay Over Tonight!,ROMANCE,49,292644,9.12,9110746,1344111,ONGOING,FALSE
2677,Teenage Mercenary,ACTION,43,933150,9.86,35956532,3290740,ONGOING,FALSE
2676,Infinite Leveling: Murim,ACTION,48,222638,9.55,8132721,897995,ONGOING,FALSE
2675,It Was All You,SF,47,247919,9.51,6347176,862222,HIATUS,FALSE
2674,His Majesty's Proposal,FANTASY,50,672190,9.22,24793583,2473893,ONGOING,FALSE
2647,Nevertheless,ROMANCE,4,505130,9.33,13618333,1056804,COMPLETED,TRUE
2620,When the Day Comes,HEARTWARMING,53,221127,9.73,6646138,1243018,ONGOING,FALSE
2619,The Snake and the Flower,HISTORICAL,54,220840,9.7,4895553,753237,ONGOING,FALSE
2618,Shadow Bride,ROMANCE,54,386463,9.68,12396566,1341648,ONGOING,FALSE
2617,Gul,ACTION,40,201012,9.55,5796163,753671,ONGOING,FALSE
2616,Boyfriends.,SLICE_OF_LIFE,100,1942646,9.37,243292669,15748410,HIATUS,FALSE
2615,The World is Money and Power,ACTION,53,190893,9.64,5052084,659511,ONGOING,FALSE
2612,Little Rain,ROMANCE,20,349294,9.83,4996134,638610,HIATUS,FALSE
2611,My Roommate is a Gumiho,ROMANCE,82,285567,9.62,12538893,1698666,ONGOING,FALSE
2610,Epilogue,THRILLER,3,72426,9.48,1314380,172462,COMPLETED,TRUE
2608,The Savior's Time,THRILLER,53,127135,9.6,2085611,367895,ONGOING,FALSE
2607,Surviving Romance,HORROR,53,569588,9.8,23890131,3099564,ONGOING,FALSE
2606,My Gently Raised Beast,ROMANCE,53,1403091,9.81,54515973,5897646,ONGOING,FALSE
2605,If AI Ruled the World,SF,52,167813,9.7,4020548,579124,COMPLETED,FALSE
2578,Everything is Fine,HORROR,34,896835,9.75,41729560,3112881,HIATUS,FALSE
2577,The Hip Guy,COMEDY,53,228014,9.24,6700262,1059723,ONGOING,FALSE
2576,Rooftops & Roommates,COMEDY,87,417221,9.47,26129394,3299837,ONGOING,FALSE
2575,Dungeons & Artifacts,ACTION,53,436819,9.57,16338335,1732147,ONGOING,FALSE
2574,Return to Player,ACTION,54,507001,9.67,17510794,1914894,ONGOING,FALSE
2565,The Golden Spoon,DRAMA,6,56838,9.15,2372773,293243,COMPLETED,TRUE
2564,Her Bucket List,ROMANCE,7,322300,9.7,9221478,1104494,COMPLETED,TRUE
2563,This Magical Moment,SUPERNATURAL,9,149161,9.44,3703610,556382,COMPLETED,TRUE
2559,The Girl Who Sees Smells ,FANTASY,14,152874,9.31,4382335,625593,COMPLETED,TRUE
2546,The Wendybird,FANTASY,56,173287,8.89,4233765,784611,COMPLETED,FALSE
2534,Shotgun Boy,THRILLER,57,813040,9.82,30132714,3273032,ONGOING,FALSE
2533,To You Who Swallowed a Star,ROMANCE,59,460099,9.51,18080361,2658514,ONGOING,FALSE
2532,Stagtown,HORROR,57,218987,9.81,7244117,1443649,HIATUS,FALSE
2529,Devilish Romance,SUPERNATURAL,58,437649,9.51,13008769,1746024,ONGOING,FALSE
2527,Raven Saga,FANTASY,58,215555,9.77,7115863,1389455,ONGOING,FALSE
2522,The Prince of Southland,ROMANCE,52,313448,9.67,13676187,1558991,HIATUS,FALSE
2521,Act Like You Love Me!,ROMANCE,57,796754,9.79,31846650,4143003,ONGOING,FALSE
2515,Locker & Opener,MYSTERY,59,158795,9.55,2817047,461679,ONGOING,FALSE
2510,Neon Revenge,ACTION,38,353930,9.66,9829605,1489263,ONGOING,FALSE
2509,Seasons of Blossom,ROMANCE,79,743823,9.87,38829159,4954121,ONGOING,FALSE
2508,She Would Never Know,ROMANCE,5,406560,9.13,12739376,1553120,COMPLETED,TRUE
2507,The Strongest Florist,ACTION,58,485928,9.82,20320629,2900553,ONGOING,FALSE
2506,Taste of Illness,DRAMA,3,155889,9.83,3162451,547322,COMPLETED,TRUE
2505,Dark Mortal,DRAMA,10,220028,9.78,9726855,1119762,COMPLETED,TRUE
2504,Beyond Virtual,DRAMA,50,166063,9.18,3078223,445638,ONGOING,FALSE
2503,Dear X,THRILLER,7,221541,9.55,6283772,701326,COMPLETED,TRUE
2480,Jungle Juice,ACTION,61,969900,9.79,43214831,4450244,ONGOING,FALSE
2479,ROB,FANTASY,28,56596,8.78,492535,62842,COMPLETED,FALSE
2471,Asterion,DRAMA,59,98077,9.02,1696971,361109,ONGOING,FALSE
2470,Delusion,THRILLER,7,251562,9.79,8525827,1050512,COMPLETED,TRUE
2467,There's Love Hidden in Lies,ROMANCE,62,281404,7.98,10248374,1272637,ONGOING,FALSE
2460,Deadlove,SLICE_OF_LIFE,45,81852,9.19,1994687,308685,HIATUS,FALSE
2448,The Newlywed Diary of a Witch and a Dragon,ROMANCE,64,809390,9.25,32507221,3956664,ONGOING,FALSE
2446,Jackson's Diary,SUPERNATURAL,57,734147,9.69,40576759,4656313,HIATUS,FALSE
2443,Men of the Harem,FANTASY,64,1213701,9.66,55008462,6446426,ONGOING,FALSE
2431,Spells From Hell,FANTASY,62,421656,9.54,13421083,2110159,HIATUS,FALSE
2410,Garden Club Detective Squad,MYSTERY,7,187932,9.75,5310909,998948,COMPLETED,TRUE
2409,The Advanced Player of the Tutorial Tower,ACTION,66,1196591,9.53,59701812,5175425,ONGOING,FALSE
2406,Romance 101,ROMANCE,104,536955,9.84,35179923,5677005,ONGOING,FALSE
2405,Like Wind on a Dry Branch,FANTASY,66,1217415,9.78,54950248,6100872,ONGOING,FALSE
2404,Mosquito Wars,SF,6,132223,9.61,5013250,554988,COMPLETED,TRUE
2403,FLOWAR,SF,5,83437,9.48,1874619,252095,COMPLETED,TRUE
2395,Secret Playlist,ROMANCE,69,611955,9.63,25551387,3446473,ONGOING,FALSE
2384,The Masked Fables,FANTASY,54,150376,9.43,3014668,526166,COMPLETED,FALSE
2383,Blades of Furry,ROMANCE,57,427380,9.6,25562547,2747163,ONGOING,FALSE
2348,Ghost Bats,SF,9,58566,9.17,752677,116342,COMPLETED,TRUE
2324,LoveBot,SF,53,334764,9.38,13609490,1699622,ONGOING,FALSE
2320,microHUNTER,ACTION,9,333976,9.52,20427435,3001951,COMPLETED,TRUE
2291,Falling in the Blue,SF,27,87422,9.31,922768,133031,COMPLETED,FALSE
2284,Andy Bass,COMEDY,65,170069,9.34,9468394,1359964,ONGOING,FALSE
2283,Fluidum,DRAMA,68,205405,9.04,9615166,1357634,ONGOING,FALSE
2282,The Red Hook: Blackout & PTSD,SUPER_HERO,39,19355,7.19,202575,20610,COMPLETED,FALSE
2277,Pyramid Game,DRAMA,61,220908,9.6,7775272,1335190,ONGOING,FALSE
2276,A Fake Affair,ROMANCE,6,43495,9.19,1108496,168731,COMPLETED,TRUE
2275,PIGPEN,THRILLER,9,348091,9.74,14698419,1717103,COMPLETED,TRUE
2273,Death of a Pop Star,ROMANCE,48,561222,9.35,21185817,2425781,HIATUS,FALSE
2268,Viral Hit,ACTION,106,584735,9.84,39110854,4123648,ONGOING,FALSE
2247,Beetle Hands,HORROR,62,123108,9.69,2413913,381295,COMPLETED,FALSE
2234,Skye,FANTASY,45,187284,9.64,3509807,531955,HIATUS,FALSE
2226,CinnamonRoll,ROMANCE,52,291083,8.79,7529786,843539,COMPLETED,FALSE
2224,Love Me Knot,ROMANCE,78,902413,9.35,40432316,5173441,ONGOING,FALSE
2209,American Road Trip,DRAMA,51,101383,9.61,1791249,340188,COMPLETED,FALSE
2207,BRAIN Anthology,HORROR,84,141586,9.4,5985887,792756,COMPLETED,FALSE
2191,HEART Anthology,HEARTWARMING,102,226914,9.65,11226190,1651348,COMPLETED,FALSE
2190,My Daughter is a Zombie,COMEDY,11,333802,9.66,20014363,2071016,COMPLETED,TRUE
2189,Not So Shoujo Love Story,COMEDY,62,675521,9.71,30043829,4034430,HIATUS,FALSE
2186,The Makeup Remover,ROMANCE,129,1241182,9.65,98280266,12917631,COMPLETED,FALSE
2185,Horang's Nightmare,HORROR,10,662702,9.72,20350083,469138,COMPLETED,FALSE
2159,Suitor Armor,FANTASY,59,1299010,9.76,72847227,6495456,ONGOING,FALSE
2154,Omniscient Reader,ACTION,93,1981868,9.9,120395876,12206002,ONGOING,FALSE
2142,The Wolf & Red Riding Hood,COMEDY,16,629966,9.62,33705831,3564500,COMPLETED,TRUE
2141,Ctrl+Z,THRILLER,11,196470,7.85,9414877,651850,COMPLETED,TRUE
2140,Love Doesn't Talk,ROMANCE,12,414202,9.59,15390072,1544570,COMPLETED,TRUE
2135,The Remarried Empress,FANTASY,106,2462123,9.87,219196268,20188153,ONGOING,FALSE
2134,Rotten,THRILLER,6,411847,9.68,12410763,1200115,COMPLETED,TRUE
2128,Mystical,SUPERNATURAL,88,604424,9.82,22961757,2873762,ONGOING,FALSE
2126,Crown of Feathers,FANTASY,14,301564,9.16,9896397,1177826,COMPLETED,TRUE
2117,Phase,ROMANCE,67,989184,9.56,50163089,4809488,HIATUS,FALSE
2114,To Love Your Enemy,ROMANCE,12,1922630,9.55,135211996,12563913,COMPLETED,TRUE
2113,Back to You,DRAMA,92,692906,9.65,31241410,4028222,ONGOING,FALSE
2087,AntiSTALKER,ROMANCE,86,622080,9.71,36228786,4005650,ONGOING,FALSE
2066,Nice To Meet You,ROMANCE,68,1361671,9.79,75063760,7769285,HIATUS,FALSE
2053,Parallel City,MYSTERY,96,407954,9.84,18349079,2720929,ONGOING,FALSE
2052,Your Smile is a Trap,ROMANCE,82,885955,9.79,45365682,5885499,ONGOING,FALSE
2049,Mom; I'm Sorry,DRAMA,97,797011,9.71,37654032,4943863,ONGOING,FALSE
2027,The Boxer,SPORTS,121,1423852,9.86,146382721,9936025,ONGOING,FALSE
2025,WEBTOON Now,TIPTOON,178,524121,9.21,41545787,2097194,ONGOING,FALSE
2018,Stray Souls,FANTASY,91,370029,9.76,12691959,2031660,ONGOING,FALSE
2011,Covenant,ACTION,50,507868,9.67,13674776,1678620,HIATUS,FALSE
2010,It's Mine,THRILLER,150,1147580,9.73,82534395,8962891,ONGOING,FALSE
2009,Your Throne,FANTASY,114,1435906,9.81,102411355,11095965,ONGOING,FALSE
1988,WEBTOON GREENLiGHT,FANTASY,48,761228,9.61,16182730,3297187,COMPLETED,FALSE
1983,Toaster Dude,COMEDY,11,474290,9.77,27436429,3253872,COMPLETED,TRUE
1973,How to Become a Dragon,FANTASY,106,460208,9.77,19303178,3402661,ONGOING,FALSE
1972,Before We Knew It,ROMANCE,106,701517,8.78,41680260,4154959,ONGOING,FALSE
1971,#Killstagram,THRILLER,44,869193,9.31,39151868,3490878,HIATUS,FALSE
1963,Staying Healthy Together,TIPTOON,54,205161,9.75,15484088,1578979,COMPLETED,FALSE
1951,Marry Me!,ROMANCE,109,271790,9.76,17947521,2361473,ONGOING,FALSE
1947,Magic Soda Pop,SUPERNATURAL,7,148651,8.87,4790261,656893,COMPLETED,TRUE
1946,In the Bleak Midwinter;,SF,42,587065,9.77,21359493,2399443,HIATUS,FALSE
1929,Lone,FANTASY,93,311385,9.72,14101348,1833936,ONGOING,FALSE
1925,IF,ACTION,58,148501,9.06,4049389,427297,ONGOING,FALSE
1912,Swimming Lessons for a Mermaid,ROMANCE,101,749919,9.74,50497376,6207979,COMPLETED,FALSE
1911,Ghost Theater,DRAMA,7,397673,9.77,15583920,2138455,COMPLETED,TRUE
1910,The Doctors are Out,ROMANCE,82,488898,9.61,29750837,4311569,ONGOING,FALSE
1895,City of Blank,SF,90,593931,9.7,28867820,3840493,ONGOING,FALSE
1894,KILLMAX,SUPERNATURAL,28,550510,9.06,10287658,1065165,HIATUS,FALSE
1893,GremoryLand,HORROR,14,400329,9.48,21497272,2186606,COMPLETED,TRUE
1892,The Witch and The Bull,FANTASY,77,858780,9.78,50561748,5695363,HIATUS,FALSE
1882,Lost in Translation,DRAMA,112,612825,9.71,37836187,5753565,ONGOING,FALSE
1881,The Shadow Prophet,DRAMA,41,91155,9.55,1764323,302100,HIATUS,FALSE
1878,Rot & Ruin,HORROR,9,366072,9.6,13356843,1464373,COMPLETED,TRUE
1850,Kind of Love,ROMANCE,59,653404,9.64,30170901,2921443,COMPLETED,FALSE
1840,Yuna & Kawachan,DRAMA,9,217517,9.72,9869143,1787474,COMPLETED,TRUE
1826,Wolfsbane,HORROR,27,69522,9.68,1265626,151340,COMPLETED,FALSE
1823,SOLEIL,FANTASY,99,242892,9.53,7183894,1071003,ONGOING,FALSE
1817,Down To Earth,ROMANCE,87,2567602,9.82,235619999,11894962,ONGOING,FALSE
1815,Escape Room,THRILLER,100,424703,9.66,21991510,2326755,ONGOING,FALSE
1809,The Girl Downstairs,ROMANCE,127,552930,9.58,34849314,3397539,ONGOING,FALSE
1798,Midnight Poppy Land,ROMANCE,95,2300236,9.8,193347889,13147465,HIATUS,FALSE
1797,Midnight Rain,DRAMA,89,358148,9.1,14535535,1573308,HIATUS,FALSE
1796,Version Day and Night,DRAMA,24,480376,9.52,10330231,1139536,HIATUS,FALSE
1784,The Wolfman of Wulvershire,MYSTERY,87,363767,9.56,14547924,1894628,ONGOING,FALSE
1772,The Wrath & the Dawn,FANTASY,116,993542,9.55,69790974,5355925,ONGOING,FALSE
1762,Unlovable Replacement,ROMANCE,49,1511671,9.78,75891683,5928841,HIATUS,FALSE
1758,Brimstone and Roses,ROMANCE,92,505030,9.44,31270514,3527497,HIATUS,FALSE
1756,Not Even Bones,THRILLER,104,1690207,9.67,104055261,8822968,ONGOING,FALSE
1739,The Weight of Our Sky,HISTORICAL,11,255309,9.79,8213458,1201588,COMPLETED,TRUE
1726,Weak Hero,ACTION,181,1207099,9.84,157358311,11797352,ONGOING,FALSE
1704,Zero Game,FANTASY,135,521269,9.72,22944085,2426684,ONGOING,FALSE
1703,Third Shift Society,SUPERNATURAL,47,415391,9.77,10811680,1358729,ONGOING,FALSE
1701,Soul on Hold,SUPERNATURAL,58,270297,9.65,10247237,1238909,HIATUS,FALSE
1697,I'm the Grim Reaper,SUPERNATURAL,121,1665255,9.79,109133138,9698865,ONGOING,FALSE
1695,Devil Number 4,SUPERNATURAL,7,1748470,9.77,134928789,12896905,COMPLETED,TRUE
1691,Choco Latte,ROMANCE,85,695747,9.66,42909488,4389583,HIATUS,FALSE
1687,The Red King,SUPERNATURAL,56,813746,9.76,26226055,2660512,HIATUS,FALSE
1677,Meow Man,COMEDY,154,309970,9.69,29250593,4008495,COMPLETED,FALSE
1674,Skate!!! Fire 100,SPORTS,53,80972,9.63,2056061,275625,COMPLETED,FALSE
1669,Random Chat,DRAMA,145,336960,9.61,23278175,2551717,ONGOING,FALSE
1665,Little Matcha Girl,FANTASY,74,354051,9.78,12605215,1590826,ONGOING,FALSE
1663,Deor,FANTASY,56,919554,9.68,30726526,2571369,ONGOING,FALSE
1662,Scorching Romance,ROMANCE,11,611552,9.69,45149235,5313121,COMPLETED,TRUE
1659,The Fever King,SUPER_HERO,18,528583,9.56,23875329,2592388,COMPLETED,TRUE
1657,Code Adam,ACTION,100,784328,9.76,37142004,3583749,ONGOING,FALSE
1652,Brass & Sass,ROMANCE,110,676571,9.71,51670197,6204957,ONGOING,FALSE
1651,Just Pancakes,COMEDY,168,213171,9.66,18207942,2244207,HIATUS,FALSE
1649,Shiloh,THRILLER,114,379550,9.64,13179929,1929913,ONGOING,FALSE
1648,Crumbs,ROMANCE,56,300291,9.7,11924278,1732948,COMPLETED,FALSE
1642,Luggage,FANTASY,49,80390,8.37,2295669,274839,ONGOING,FALSE
1640,Arma,SUPER_HERO,9,257743,9.38,12004523,1253503,COMPLETED,TRUE
1623,Bad Signs,COMEDY,101,258272,9.55,13147913,1925746,HIATUS,FALSE
1622,Bloodless Wars,SF,10,135328,9.3,4212915,368313,COMPLETED,TRUE
1621,Purple Hyacinth,MYSTERY,116,1442233,9.91,89807993,10892628,ONGOING,FALSE
1620,House of Stars,FANTASY,28,232915,9.79,5503145,844596,COMPLETED,FALSE
1619,Simon Sues,SUPERNATURAL,96,156740,9.14,4653807,539774,ONGOING,FALSE
1617,The Kiss Bet,ROMANCE,106,1331702,9.69,92899042,8833390,ONGOING,FALSE
1613,Varsity Noir,MYSTERY,60,53098,9.46,1238879,184834,COMPLETED,FALSE
1612,Thornstone,FANTASY,128,77726,9.09,4269236,588631,COMPLETED,FALSE
1607,Uriah,HORROR,98,411160,9.8,21441080,2619503,ONGOING,FALSE
1605,Plum,SPORTS,102,114549,9.57,5382043,760552,HIATUS,FALSE
1601,Lalin's Curse,SUPERNATURAL,46,810243,9.86,29857970,3139585,HIATUS,FALSE
1599,The Red Hook: STARCROSS,SUPER_HERO,27,17946,7.11,262941,20905,COMPLETED,FALSE
1598,Everywhere & Nowhere,COMEDY,233,778856,9.58,94589185,11040196,ONGOING,FALSE
1580,My Deepest Secret,THRILLER,11,2535791,9.65,188957203,15239391,COMPLETED,TRUE
1578,Da Yomanville Gang,DRAMA,136,240621,9.19,18624763,1910741,ONGOING,FALSE
1577,Spirit Fingers,DRAMA,17,327263,9.91,32372485,5143818,COMPLETED,TRUE
1574,DON'T HATE,COMEDY,250,268423,9.36,36298763,4263909,COMPLETED,FALSE
1572,No Scope,SPORTS,153,669829,9.76,57600401,4967809,ONGOING,FALSE
1571,Eleceed,ACTION,154,1273311,9.95,145227143,14734064,ONGOING,FALSE
1569,Matchmaker Hero,SF,26,352426,9.46,10623950,1052491,COMPLETED,FALSE
1566,Muted,SUPERNATURAL,125,770924,9.72,56361344,7194072,COMPLETED,FALSE
1559,Cape of Spirits,ACTION,90,517137,9.48,21179115,2266723,COMPLETED,FALSE
1558,AXED,COMEDY,110,472130,9.64,34947995,3740145,COMPLETED,FALSE
1554,Unlucky is as Lucky does,COMEDY,202,244073,9.67,23368544,3122546,HIATUS,FALSE
1540,Your Letter,DRAMA,12,528228,9.93,10490110,1079622,COMPLETED,FALSE
1539,Heartwired,SF,37,122751,9.17,2106639,206821,COMPLETED,FALSE
1538,Cupid's Arrows,ROMANCE,60,93599,9.26,3776135,492357,COMPLETED,FALSE
1537,Cursed Princess Club,COMEDY,140,2119061,9.81,232550517,18519328,HIATUS,FALSE
1536,Edith,ROMANCE,105,1274186,9.7,106677561,9569679,ONGOING,FALSE
1535,Hooves of Death,FANTASY,116,309629,9.44,21215386,2391252,HIATUS,FALSE
1524,The Four of Them,DRAMA,124,1063947,9.58,81406690,7066712,ONGOING,FALSE
1514,SAVE ME,DRAMA,1,2369104,9.87,55849384,4125273,COMPLETED,TRUE
1513,Acception,DRAMA,195,816742,9.03,134284577,11858405,ONGOING,FALSE
1512,Trailer Park Warlock,COMEDY,121,99667,9.32,5584762,672595,ONGOING,FALSE
1499,Castle Swimmer,FANTASY,136,2416245,9.84,219606107,18658502,HIATUS,FALSE
1498,Love Advice from the Great Duke of Hell,COMEDY,125,1257829,9.82,110721079,11222423,HIATUS,FALSE
1496,Pound,ACTION,9,94983,9.13,3591967,348353,COMPLETED,TRUE
1494,The Croaking,FANTASY,154,588118,9.79,47742897,5802437,HIATUS,FALSE
1490,Blood-Ink,ACTION,116,640848,9.67,48717523,4463403,HIATUS,FALSE
1489,LUFF,ROMANCE,9,1228237,9.28,92219509,9121547,COMPLETED,TRUE
1483,Urban Animal,SUPER_HERO,119,515724,9.69,31851202,2686180,HIATUS,FALSE
1481,Alice Elise,FANTASY,24,61085,8.96,1295729,133599,COMPLETED,FALSE
1480,Seed,SF,101,545293,9.7,25559480,2798732,ONGOING,FALSE
1475,Metaphorical HER,DRAMA,45,58810,8.96,1264444,180644,COMPLETED,FALSE
1471,Ghost Wife,ROMANCE,10,1343749,9.73,136837450,10373433,COMPLETED,TRUE
1468,SubZero,ROMANCE,132,2766468,9.79,298226779,19941773,ONGOING,FALSE
1467,Freaking Romance,ROMANCE,16,3257892,9.76,271906446,20416074,COMPLETED,TRUE
1461,Caster,ACTION,30,49078,9.04,836401,72638,COMPLETED,FALSE
1460,Eat Fighter,SPORTS,26,27841,5.41,962094,69400,COMPLETED,FALSE
1458,Brothers Bond,ACTION,44,119471,9.05,2075336,150656,COMPLETED,FALSE
1457,FINALITY,MYSTERY,8,31972,8.12,326807,23114,COMPLETED,FALSE
1456,Backchannel,SUPER_HERO,12,150309,9.65,2069986,168084,HIATUS,FALSE
1455,Shadow Pirates,FANTASY,17,46876,9.2,617300,50772,COMPLETED,FALSE
1454,Four Leaf,FANTASY,111,232078,9.72,12624599,1740648,HIATUS,FALSE
1453,Witch Creek Road,HORROR,12,469154,9.4,21423606,1716810,COMPLETED,TRUE
1452,Acursian,SUPERNATURAL,26,56758,7.23,550471,35285,COMPLETED,FALSE
1451,Aphrodite IX,SF,33,119964,8.8,2309229,158811,COMPLETED,FALSE
1450,Outrage,SUPER_HERO,44,225997,9.35,5928351,631984,HIATUS,FALSE
1445,Heir's Game,DRAMA,146,295252,9.73,29084629,4061191,HIATUS,FALSE
1438,Mage & Demon Queen,COMEDY,155,2532957,9.78,303485183,20289543,HIATUS,FALSE
1436,True Beauty,ROMANCE,192,6982678,9.53,861475194,45329730,ONGOING,FALSE
1435,Watermelon,FANTASY,132,735209,9.8,59784550,5580630,ONGOING,FALSE
1433,Dragnarok: Descendants,FANTASY,30,217449,9.34,5546866,350362,COMPLETED,FALSE
1420,Odd Girl Out,DRAMA,303,866599,9.84,154738166,17914856,ONGOING,FALSE
1413,BOO! It's Sex,SLICE_OF_LIFE,97,578915,8.85,84668119,4631760,COMPLETED,FALSE
1412,Rebirth,SF,162,1180363,9.75,94531129,8487852,ONGOING,FALSE
1410,Lavender Jack,SUPER_HERO,118,112022,9.54,4795620,633451,HIATUS,FALSE
1407,EMPYREA,FANTASY,62,631034,9.75,26936779,2873656,HIATUS,FALSE
1391,My Dictator Boyfriend,COMEDY,340,270510,9.02,42810637,4853094,ONGOING,FALSE
1390,A Good Day to be a Dog,ROMANCE,10,1310287,9.84,103030250,10331593,COMPLETED,TRUE
1382,Messenger,FANTASY,90,97896,9.25,5583684,717575,COMPLETED,FALSE
1381,Cat Loaf Adventures,SLICE_OF_LIFE,216,302961,9.59,22702168,2157572,COMPLETED,FALSE
1364,Age Matters,ROMANCE,153,3557154,9.79,371028667,27132252,COMPLETED,FALSE
1363,April Flowers,FANTASY,39,386225,9.47,15839665,1316806,COMPLETED,FALSE
1360,Refund High School,FANTASY,8,1308011,9.75,133082614,11796278,COMPLETED,TRUE
1358,Aerial Magic,FANTASY,56,519484,9.68,16035332,1661929,COMPLETED,FALSE
1348,Spirits,FANTASY,50,57781,9.17,1620222,160438,COMPLETED,FALSE
1340,Moon You,SF,10,149989,9.71,6915304,729055,COMPLETED,TRUE
1327,Pacific Rim: Amara,SF,10,110696,9.18,1659576,84986,COMPLETED,FALSE
1325,Haxor,SF,38,92897,9.11,1903487,194783,COMPLETED,FALSE
1320,Lore Olympus,ROMANCE,195,5627436,9.71,1003674826,48967192,HIATUS,FALSE
1318,The World Where I Belong,SUPERNATURAL,71,324177,9.57,8863418,945579,COMPLETED,FALSE
1312,Live Forever,THRILLER,53,255401,9.43,9116908,831426,COMPLETED,FALSE
1311,The Devil is a Handsome Man,DRAMA,74,772913,9.55,31238876,2359857,HIATUS,FALSE
1310,Waffles & Pancakes,SLICE_OF_LIFE,500,206811,9.61,69349411,8873030,COMPLETED,FALSE
1307,Ghost Teller,HORROR,7,993692,9.86,52656892,5173379,COMPLETED,TRUE
1285,Sweet Home,THRILLER,15,3055188,9.85,244545067,17535260,COMPLETED,TRUE
1284,Lorna,SLICE_OF_LIFE,65,50513,8.44,4005322,366786,COMPLETED,FALSE
1281,Murrz,SLICE_OF_LIFE,607,786295,9.66,228385549,21844187,COMPLETED,FALSE
1279,My Name is Benny,SLICE_OF_LIFE,255,253760,9.73,36091056,4501578,COMPLETED,FALSE
1270,The Steam Dragon Express,FANTASY,110,328862,9.64,31357476,3043543,COMPLETED,FALSE
1268,ㄴㅇㄹㅇㄴㄹ,TIPTOON,27,108372,8.83,6440416,266259,COMPLETED,FALSE
1267,The First Night With the Duke,FANTASY,82,1159312,9.63,77619388,8927160,ONGOING,FALSE
1266,See You in My 19th Life,ROMANCE,76,1100236,9.89,57337015,8019598,ONGOING,FALSE
1265,Death's Game,DRAMA,7,326050,9.75,13309103,1459734,COMPLETED,TRUE
1264,No Longer A Heroine!,DRAMA,78,419763,9.36,20425335,2906344,ONGOING,FALSE
1263,Dating With a Tail,ROMANCE,8,546038,9.42,22546758,3150117,COMPLETED,TRUE
1262,Unholy Blood,SUPERNATURAL,13,1695377,9.86,114588416,12650463,COMPLETED,TRUE
1261,Room of Swords,SF,191,758057,9.78,66241052,5905422,ONGOING,FALSE
1260,Life Outside the Circle,DRAMA,47,206657,9.39,12221098,978208,COMPLETED,FALSE
1250,Phantom Paradise,FANTASY,131,628309,9.48,43003544,3434564,COMPLETED,FALSE
1248,Strawberry Seafoam,FANTASY,139,382260,9.28,26054766,2140710,COMPLETED,FALSE
1247,The Red Hook: War Cry,SUPER_HERO,27,26318,7.12,722648,42584,COMPLETED,FALSE
1246,Days of Hana,DRAMA,9,1080388,9.77,102382307,7273356,COMPLETED,TRUE
1245,Gourmet Hound,DRAMA,171,859626,9.82,106070336,11704616,COMPLETED,FALSE
1229,Eggnoid,SF,243,1368043,9.65,203603800,14422964,COMPLETED,FALSE
1221,Hardcore Leveling Warrior,ACTION,313,1290939,9.76,221557152,14941053,ONGOING,FALSE
1218,Let's Play,ROMANCE,164,4587598,9.6,593432301,36158635,HIATUS,FALSE
1217,1000,ACTION,20,104719,8.99,1442854,80131,COMPLETED,FALSE
1216,CARL,SLICE_OF_LIFE,205,392975,9.77,48232284,4661535,HIATUS,FALSE
1197,Have You Any Fear?,HORROR,10,212590,8.61,4529451,177896,COMPLETED,FALSE
1193,#Blessed,DRAMA,64,423437,9.19,19980408,1719510,HIATUS,FALSE
1190,Davinchibi,FANTASY,8,72709,8.88,1171694,76739,COMPLETED,FALSE
1188,Nothing Special,FANTASY,157,407292,9.6,28300947,2950706,HIATUS,FALSE
1185,My Boo,SUPERNATURAL,5,885469,9.75,46349404,2886415,COMPLETED,TRUE
1164,Fluffy Boyfriend,SUPERNATURAL,21,1373451,9.11,92298051,4840107,COMPLETED,TRUE
1159,Small World,SLICE_OF_LIFE,617,860854,9.53,260557929,18335002,COMPLETED,FALSE
1152,Just for Kicks,SLICE_OF_LIFE,162,256185,9.62,26951934,2495985,COMPLETED,FALSE
1102,Boyfriend of the Dead,COMEDY,354,2033683,9.74,403734831,27904390,HIATUS,FALSE
1099,GOSU,ACTION,22,729845,9.85,92499917,6213031,COMPLETED,TRUE
1098,Darbi,ACTION,139,344520,9.53,33819677,2248650,ONGOING,FALSE
1093,Winter Moon,FANTASY,488,1797348,9.4,441430895,33155888,HIATUS,FALSE
1052,Girls Have a Blog,SLICE_OF_LIFE,84,137662,9.18,6267600,696319,COMPLETED,FALSE
1051,Warning Label,ROMANCE,40,132854,8.95,6869093,449386,COMPLETED,FALSE
1050,Assassin Roommate,ROMANCE,131,870776,9.28,70959486,3750137,COMPLETED,FALSE
1049,Lookism,DRAMA,381,2434499,9.78,540122216,38128895,ONGOING,FALSE
1022,LUMINE,FANTASY,148,3099544,9.82,328444486,19847391,HIATUS,FALSE
1021,Melvina's Therapy,HORROR,82,418741,9.72,26338097,2092094,COMPLETED,FALSE
1020,Fantasy Sketch - The Game,SF,33,52398,8.79,1614401,98564,COMPLETED,FALSE
1019,Bite Me,THRILLER,110,431570,8.25,35445289,1416506,COMPLETED,FALSE
1018,Dragnarok,FANTASY,25,360311,9.48,10352905,440726,COMPLETED,FALSE
1005,Cherry Blossoms,ROMANCE,7,160002,9.23,2408966,148654,COMPLETED,FALSE
988,Late Bloomer,ROMANCE,31,324010,9.26,15592914,741212,COMPLETED,FALSE
987,Power Ballad,SUPER_HERO,26,38030,9.15,1186127,102400,COMPLETED,FALSE
986,I Love Yoo,DRAMA,183,4495523,9.76,547896894,31894187,ONGOING,FALSE
985,A Budgie's Life,SLICE_OF_LIFE,401,341791,9.79,66585479,7268087,COMPLETED,FALSE
961,My Dear Cold-Blooded King,ROMANCE,27,1948590,9.72,286419544,15437283,COMPLETED,TRUE
960,Shard,SUPERNATURAL,80,207132,9.32,12910200,928973,COMPLETED,FALSE
959,Rise from Ashes,SUPERNATURAL,21,752628,9.7,50600769,4299836,COMPLETED,TRUE
958,My Giant Nerd Boyfriend,SLICE_OF_LIFE,711,2217526,9.73,698517441,56350624,ONGOING,FALSE
922,Illusions of Adulting,SLICE_OF_LIFE,48,69751,5.94,4628182,161546,COMPLETED,FALSE
921,Denma,SF,1377,81886,8.95,24380206,2695090,ONGOING,FALSE
919,Live with Yourself!,COMEDY,348,633691,9.76,108995326,10980948,ONGOING,FALSE
908,Elf & Warrior,FANTASY,259,231614,9.67,27057510,2402039,HIATUS,FALSE
907,dustinteractive,COMEDY,664,326385,9.34,102497795,8238511,COMPLETED,FALSE
877,Firebrand,SUPERNATURAL,57,166946,8.92,4877095,307976,COMPLETED,FALSE
867,Athena Complex,FANTASY,149,539099,9.54,41546140,2982271,HIATUS,FALSE
854,Big Jo,ROMANCE,169,552591,9.18,73498420,5522326,COMPLETED,FALSE
853,Adventures of God,COMEDY,538,1509152,9.43,420315769,26131070,ONGOING,FALSE
827,Hello World!,SLICE_OF_LIFE,132,30618,9.12,1705922,170088,COMPLETED,FALSE
813,The Brooklynite,SUPER_HERO,26,20881,8.99,648511,32792,COMPLETED,FALSE
809,Oh! Holy,ROMANCE,9,1572648,9.7,139718634,8443106,COMPLETED,TRUE
799,Brutally Honest,COMEDY,80,215951,9.47,22527375,1189817,COMPLETED,FALSE
775,Unknown Caller,THRILLER,3,504780,9.55,8463046,192706,COMPLETED,FALSE
772,Shriek,THRILLER,17,357694,9.75,27850170,403055,COMPLETED,FALSE
750,Illustrated Internet,COMEDY,50,144055,9.05,12529754,652264,COMPLETED,FALSE
747,National Dog Day 2016,SLICE_OF_LIFE,32,37880,9.55,2855756,185132,COMPLETED,FALSE
723,The Purple Heart,SUPER_HERO,26,35231,9.03,916725,49382,COMPLETED,FALSE
718,Ghosts Among the Wild Flowers,FANTASY,87,122002,9.6,6561834,457229,COMPLETED,FALSE
707,Miss Abbott and the Doctor,ROMANCE,20,724498,9.81,93819007,8150765,COMPLETED,TRUE
701,The Badguys,SUPER_HERO,12,102091,9.42,5747828,322174,COMPLETED,TRUE
700,Nano List,SF,13,594659,9.81,55806965,3324000,COMPLETED,TRUE
685,The Strange Tales of Oscar Zahn,FANTASY,105,335004,9.79,14842264,1142963,COMPLETED,FALSE
679,unOrdinary,SUPER_HERO,258,5452950,9.75,1030452647,48818321,ONGOING,FALSE
676,Polidiocy,COMEDY,96,31455,7.19,1696164,73722,COMPLETED,FALSE
675,Inarime,SUPER_HERO,71,102744,8.85,2814338,120308,COMPLETED,FALSE
671,Dents,SF,79,254976,9.47,12330037,861341,COMPLETED,FALSE
670,Saphie: The One-Eyed Cat,SLICE_OF_LIFE,533,648299,9.8,146138250,11718323,COMPLETED,FALSE
666,Super Secret,ROMANCE,11,1806876,9.83,209518845,11655767,COMPLETED,TRUE
663,Kind of Confidential,ROMANCE,120,926884,9.3,63170501,4438935,HIATUS,FALSE
658,Behind the GIFs,COMEDY,809,328512,9.49,114251458,8496648,COMPLETED,FALSE
643,The Red Hook,SUPER_HERO,28,32941,8.07,1105141,53620,COMPLETED,FALSE
638,Helios:Femina,FANTASY,35,209184,8.73,9647476,300138,COMPLETED,FALSE
635,Apocalyptic Horseplay,SUPERNATURAL,211,142739,9.73,15651662,1245081,COMPLETED,FALSE
633,Supersonic Girl,SUPER_HERO,74,212166,9.1,12320757,648819,COMPLETED,FALSE
632,Siren's Lament,ROMANCE,26,3065801,9.75,431667985,22839769,COMPLETED,TRUE
622,Cooking Comically,TIPTOON,108,135289,9.63,5457164,282889,COMPLETED,FALSE
613,Jackie Rose,SUPERNATURAL,58,59282,9.6,3853095,220940,COMPLETED,FALSE
608,Noblesse: Rai's Adventure,ACTION,10,392901,9.83,7733512,317245,COMPLETED,FALSE
604,Ecstasy Hearts,SPORTS,13,1396127,9.03,145654081,4470443,COMPLETED,TRUE
599,As Per Usual,SLICE_OF_LIFE,556,489206,9.42,114091979,9603053,COMPLETED,FALSE
585,BuzzFeed Comics,COMEDY,426,80999,5.64,19513406,820715,COMPLETED,FALSE
579,Immortal Nerd,SLICE_OF_LIFE,113,30136,7.89,2947231,173664,COMPLETED,FALSE
561,Heroine Chic,SUPER_HERO,85,276001,8.92,24543451,918545,COMPLETED,FALSE
560,Cyko-KO,SUPER_HERO,26,7726,7.39,241299,8633,COMPLETED,FALSE
557,Always Human,ROMANCE,87,647302,9.55,48265390,2441231,COMPLETED,FALSE
541,XINK3R,SUPER_HERO,223,122166,9.29,12887984,654638,COMPLETED,FALSE
537,Westwood Vibrato,DRAMA,71,60355,9.66,2749197,193200,COMPLETED,FALSE
536,Chiller,THRILLER,37,394624,9.6,25419725,851304,COMPLETED,FALSE
531,Cyberforce,SUPER_HERO,92,38496,7.84,1682256,54097,COMPLETED,FALSE
524,Sithrah,FANTASY,97,50346,9.48,3088667,265306,COMPLETED,FALSE
523,Lunarbaboon,SLICE_OF_LIFE,742,189627,9.66,65749139,4643100,COMPLETED,FALSE
522,Faust,SUPERNATURAL,124,84741,7.99,8865762,586993,COMPLETED,FALSE
507,LESSA 2 - The Crimson Knight,ACTION,110,169275,9.79,15387038,833543,COMPLETED,FALSE
506,Your Adventure,COMEDY,36,48574,9.15,3398361,158832,COMPLETED,FALSE
505,City of Walls,DRAMA,59,19255,7.43,455958,19945,COMPLETED,FALSE
497,S.I.D.,SUPERNATURAL,285,291305,9.69,27028041,1896919,COMPLETED,FALSE
488,Up and Out ,SLICE_OF_LIFE,129,65461,8.87,10597620,555291,COMPLETED,FALSE
487,Doodle for Food,SLICE_OF_LIFE,500,185744,9.44,52987968,3581435,COMPLETED,FALSE
486,Sword Interval,SUPERNATURAL,269,146273,9.63,22972580,1570543,COMPLETED,FALSE
485,Bastard,THRILLER,11,1588697,9.87,140978260,7307912,COMPLETED,TRUE
484,Elena,HORROR,27,106947,9.52,5532466,232882,COMPLETED,FALSE
482,Pigminted,SLICE_OF_LIFE,208,23433,8.74,3975497,235122,COMPLETED,FALSE
478,Yumi's Cells,SLICE_OF_LIFE,33,655192,9.77,185510323,18011317,COMPLETED,TRUE
473,Trash Bird,COMEDY,174,97046,9.54,13155074,1048178,COMPLETED,FALSE
472,How to Love,SLICE_OF_LIFE,100,116824,9.51,10966146,656974,COMPLETED,FALSE
471,MOONBEARD,COMEDY,147,59393,9.26,7900502,399240,COMPLETED,FALSE
470,All That We Hope to Be,SLICE_OF_LIFE,176,56853,9.53,2214087,193860,COMPLETED,FALSE
469,The Gentleman’s Armchair,COMEDY,142,54984,8.9,6027979,288976,COMPLETED,FALSE
468,UndeadEd,SUPERNATURAL,120,125779,9.69,26432024,1138848,COMPLETED,FALSE
467,The Red Book,HORROR,26,233753,8.87,15360075,442224,COMPLETED,FALSE
466,Cyberbunk,SF,194,45784,8.65,3002161,143566,COMPLETED,FALSE
437,1111 Animals,COMEDY,110,48359,8.89,6861221,255994,COMPLETED,FALSE
436,Under the Aegis,FANTASY,93,88985,9.76,10849292,549267,COMPLETED,FALSE
428,Tickle Town,COMEDY,180,15924,6.58,2705774,114835,COMPLETED,FALSE
426,MercWorks,SLICE_OF_LIFE,150,55165,9.13,8853506,510023,COMPLETED,FALSE
425,Hooky,FANTASY,21,847339,9.8,99049937,9304453,COMPLETED,TRUE
421,Where Tangents Meet,ROMANCE,8,1198152,9.73,92281800,2863988,COMPLETED,TRUE
418,Nicholalala,SLICE_OF_LIFE,155,19147,8.99,2951213,184737,COMPLETED,FALSE
405,Newman,FANTASY,271,194833,9.73,42570565,2633318,COMPLETED,FALSE
403,All That You Are,DRAMA,63,46311,9.22,1605218,98389,COMPLETED,FALSE
402,Just Ask Yuli,SLICE_OF_LIFE,25,14727,7.67,567429,29013,COMPLETED,FALSE
401,Average Adventures of an Average Girl,SLICE_OF_LIFE,170,72750,9.28,9424283,584444,COMPLETED,FALSE
400,Space Boy,SF,307,429254,9.84,73627085,6791911,ONGOING,FALSE
399,ShootAround,DRAMA,143,162740,9.68,25193742,1692815,COMPLETED,FALSE
397,Roar Street Journal,SLICE_OF_LIFE,309,57677,9.65,10537153,1018544,COMPLETED,FALSE
396,Catharsis,FANTASY,183,629312,9.56,60114222,3203777,COMPLETED,FALSE
395,The DaneMen,COMEDY,271,40580,9.07,8493660,458009,COMPLETED,FALSE
391,2015: Space Series,SF,14,57855,9.27,1113896,64830,COMPLETED,FALSE
390,The Life of the Three Bears,SLICE_OF_LIFE,51,18009,8.87,844573,52628,COMPLETED,FALSE
388,Friday: Forbidden Tales,THRILLER,97,170098,9.17,12526386,488912,COMPLETED,FALSE
387,Snailogy,SLICE_OF_LIFE,123,350454,9.44,33773206,2538038,COMPLETED,FALSE
386,RANDOMPHILIA,COMEDY,314,81260,9.41,18012422,1076309,COMPLETED,FALSE
380,3-Second Strip,COMEDY,503,61326,8.52,16038514,805559,COMPLETED,FALSE
372,Wind Breaker,SPORTS,378,1383717,9.91,281045611,15096176,HIATUS,FALSE
371,Dr. Frost,MYSTERY,194,392818,9.8,37652809,2838124,ONGOING,FALSE
370,Duty After School,SF,11,126914,9.67,6048971,434794,COMPLETED,TRUE
369,Aura from Another Planet,COMEDY,100,51501,9.24,4721158,271467,COMPLETED,FALSE
368,Guardians of the Video Game,SF,266,58747,9.12,6255172,457020,ONGOING,FALSE
365,Midnight Rhapsody : Season 2,SLICE_OF_LIFE,81,19559,8.84,2074521,100348,COMPLETED,FALSE
364,DEEP,THRILLER,45,120093,9.13,4975166,213257,COMPLETED,FALSE
363,Witch Hunt,SUPERNATURAL,9,264640,9.5,19922947,969010,COMPLETED,TRUE
362,HAPI BUNI,COMEDY,280,177812,9.52,45978560,2698214,COMPLETED,FALSE
358,Lars,SLICE_OF_LIFE,234,46119,8.53,8452330,304089,COMPLETED,FALSE
355,Cluster Fudge,SLICE_OF_LIFE,228,27599,8.55,5020609,240136,COMPLETED,FALSE
353,Epic V,COMEDY,27,5910,5.78,549710,19387,COMPLETED,FALSE
352,Safely Endangered,COMEDY,765,1054107,9.56,373825746,21358197,ONGOING,FALSE
350,Subtle Disaster,DRAMA,45,47771,9.39,3366284,187758,COMPLETED,FALSE
349,For the Sake of Sita,ROMANCE,14,253432,9.53,8790862,335472,COMPLETED,FALSE
344,Winter Woods,DRAMA,18,739090,9.81,69766636,3696786,COMPLETED,TRUE
302,Smile Brush: My Old Pictures,SLICE_OF_LIFE,55,78852,9.69,5640158,342100,COMPLETED,FALSE
295,The Vault of Horror: A Collection of Nightmares,HORROR,23,217062,8.94,8426389,303602,COMPLETED,FALSE
294,A Bittersweet Life,SLICE_OF_LIFE,161,90603,9.32,6510720,427289,COMPLETED,FALSE
293,DEAD DAYS,HORROR,62,213670,9.67,15223050,564524,COMPLETED,FALSE
283,Kids Are All Right,DRAMA,56,88566,9.75,5678774,383800,COMPLETED,FALSE
282,Jingle Jungle,SLICE_OF_LIFE,101,13133,8.81,919660,50239,COMPLETED,FALSE
281,SHADOW,SUPER_HERO,12,180733,9.42,3693485,183864,COMPLETED,FALSE
279,New Life Project,COMEDY,53,15422,8.39,1741685,72615,COMPLETED,FALSE
269,The Sound of Your Heart,COMEDY,526,142591,9.56,30013208,2175183,COMPLETED,FALSE
220,Library Ghost,COMEDY,75,69526,8.77,7533544,264919,COMPLETED,FALSE
199,Bluechair,SLICE_OF_LIFE,1001,1345774,9.72,507958465,40478786,ONGOING,FALSE
185,Hellper,FANTASY,189,175194,9.74,22724501,1043187,COMPLETED,FALSE
184,My Kitty and Old Dog,SLICE_OF_LIFE,213,107330,9.66,15888114,920176,COMPLETED,FALSE
116,Midnight Rhapsody,SLICE_OF_LIFE,38,27649,9.15,2781017,118234,COMPLETED,FALSE
101,Flow,FANTASY,11,711361,9.76,64791013,2900154,COMPLETED,TRUE
100,New Normal: Class 8,DRAMA,328,233186,9.52,40763273,2805901,COMPLETED,FALSE
99,Cheese in the Trap,DRAMA,16,1050280,9.71,152392354,9097778,COMPLETED,TRUE
98,I Don't Want This Kind of Hero,SUPER_HERO,9,364862,9.74,39503199,3135680,COMPLETED,TRUE
97,ORANGE MARMALADE,ROMANCE,7,1007953,9.67,126585975,4867026,COMPLETED,TRUE
96,The Stories of Those Around Me,ROMANCE,60,249141,9.66,16776453,875205,COMPLETED,FALSE
95,Tower of God,FANTASY,529,3086895,9.86,966744218,48509713,ONGOING,FALSE
94,Smile Brush,SLICE_OF_LIFE,36,116613,9.58,8152738,413027,COMPLETED,FALSE
93,Girls of the Wild's,ACTION,15,842950,9.57,170347200,7259499,COMPLETED,TRUE
92,SIDEKICKS,SUPER_HERO,131,206841,9.39,18296855,748260,COMPLETED,FALSE
91,God of Bath,COMEDY,7,122088,9.51,5517107,292187,COMPLETED,TRUE
90,Magical 12th Graders,SUPER_HERO,143,151280,9.32,11524551,559414,COMPLETED,FALSE
89,LESSA,ACTION,58,212617,9.73,11572209,556175,COMPLETED,FALSE
88,The Gamer,ACTION,399,1995725,9.61,419982284,18394018,ONGOING,FALSE
87,Noblesse,ACTION,50,1786201,9.77,423452923,20299422,COMPLETED,TRUE
86,Penguin Loves Mev,SLICE_OF_LIFE,341,32673,9.32,5331624,326882,COMPLETED,FALSE
85,FAMILY MAN,DRAMA,42,37506,9.72,2534469,130564,COMPLETED,FALSE
84,Trump,FANTASY,353,352701,9.54,26347869,1685510,ONGOING,FALSE
83,Kubera,FANTASY,514,236316,9.7,49777478,3584199,ONGOING,FALSE
82,About Death,DRAMA,6,133913,9.83,6150602,371848,COMPLETED,TRUE
81,Gepetto,SF,161,166899,9.78,14565235,704636,COMPLETED,FALSE
80,The Cliff,THRILLER,9,73644,9.33,2186914,108823,COMPLETED,FALSE
79,unTouchable,ROMANCE,16,1273182,9.69,171435735,6022709,COMPLETED,TRUE
78,UnderPrin,SUPERNATURAL,326,593964,9.27,62060258,2730919,COMPLETED,FALSE
77,Annarasumanara,DRAMA,8,291075,9.74,11986742,789976,COMPLETED,TRUE
76,Aisopos,DRAMA,130,57745,9.73,5521967,276661,COMPLETED,FALSE
75,Distant Sky,HORROR,111,383868,9.58,21314004,1345487,ONGOING,FALSE
74,Salty Studio,ROMANCE,66,324754,9.69,21245453,1047700,COMPLETED,FALSE
73,THE GIRL FROM CLASS,DRAMA,28,116096,9.46,6629733,351018,COMPLETED,FALSE
72,SOUL CARTEL,FANTASY,30,231155,9.7,31001843,1326630,COMPLETED,TRUE
71,10th Dimension Boys,COMEDY,119,92897,9.34,27882848,798620,COMPLETED,FALSE
70,Magician,FANTASY,525,189154,9.68,39360044,2348041,COMPLETED,FALSE
68,Tales of the Unusual,HORROR,356,754300,9.65,145298693,8764625,ONGOING,FALSE
67,Knight Run,SF,170,91519,9.31,4604684,162175,COMPLETED,FALSE
66,The God of High School,ACTION,536,2562365,9.7,705751221,27056659,ONGOING,FALSE
65,HIVE,THRILLER,17,456803,9.66,66244294,2831018,COMPLETED,TRUE
64,DICE,FANTASY,17,1285501,9.29,198446631,10251308,COMPLETED,TRUE